date,time,latitude,longitude
2024-12-03,13:38:01,19.0610020,72.9034940
2024-12-03,13:38:02,19.0609910,72.9034960
2024-12-03,13:38:03,19.0609930,72.9034970
2024-12-03,13:38:04,19.0609930,72.9034970
2024-12-03,13:38:05,19.0609920,72.9034960
2024-12-03,13:38:06,19.0609920,72.9034960
2024-12-03,13:38:07,19.0609920,72.9034960
2024-12-03,13:38:08,19.0609830,72.9034980
2024-12-03,13:38:09,19.0609820,72.9034960
2024-12-03,13:38:10,19.0609820,72.9034960
2024-12-03,13:38:11,19.0609850,72.9034900
2024-12-03,13:38:21,19.0609280,72.9035480
2024-12-03,13:38:23,19.0609170,72.9035650
2024-12-03,13:38:24,19.0608960,72.9036040
2024-12-03,13:38:25,19.0608870,72.9036190
2024-12-03,13:38:26,19.0608720,72.9036480
2024-12-03,13:38:27,19.0608580,72.9036770
2024-12-03,13:38:28,19.0608410,72.9037090
2024-12-03,13:38:29,19.0608290,72.9037440
2024-12-03,13:38:30,19.0608140,72.9037810
2024-12-03,13:38:31,19.0608020,72.9038200
2024-12-03,13:38:32,19.0607900,72.9038570
2024-12-03,13:38:33,19.0607810,72.9038960
2024-12-03,13:38:34,19.0607710,72.9039290
2024-12-03,13:38:35,19.0607560,72.9039650
2024-12-03,13:38:36,19.0607400,72.9040020
2024-12-03,13:38:37,19.0607230,72.9040440
2024-12-03,13:38:38,19.0607080,72.9040850
2024-12-03,13:38:39,19.0606900,72.9041210
2024-12-03,13:38:40,19.0606670,72.9041510
2024-12-03,13:38:41,19.0606520,72.9041840
2024-12-03,13:38:42,19.0606350,72.9042180
2024-12-03,13:38:43,19.0606110,72.9042510
2024-12-03,13:38:44,19.0605980,72.9042890
2024-12-03,13:38:45,19.0605820,72.9043270
2024-12-03,13:38:46,19.0605630,72.9043690
2024-12-03,13:38:47,19.0605420,72.9044110
2024-12-03,13:38:48,19.0605220,72.9044540
2024-12-03,13:38:49,19.0605000,72.9045000
2024-12-03,13:38:50,19.0604810,72.9045450
2024-12-03,13:38:51,19.0604600,72.9045900
2024-12-03,13:38:52,19.0604420,72.9046370
2024-12-03,13:38:53,19.0604190,72.9046850
2024-12-03,13:38:54,19.0603990,72.9047320
2024-12-03,13:38:55,19.0603770,72.9047820
2024-12-03,13:38:56,19.0603520,72.9048290
2024-12-03,13:38:57,19.0603290,72.9048780
2024-12-03,13:38:58,19.0603050,72.9049300
2024-12-03,13:38:59,19.0602850,72.9049840
2024-12-03,13:39:00,19.0602610,72.9050340
2024-12-03,13:39:01,19.0602410,72.9050850
2024-12-03,13:39:02,19.0602190,72.9051300
2024-12-03,13:39:03,19.0601960,72.9051660
2024-12-03,13:39:04,19.0601810,72.9052040
2024-12-03,13:39:05,19.0601630,72.9052440
2024-12-03,13:39:06,19.0601480,72.9052730
2024-12-03,13:39:07,19.0601410,72.9052880
2024-12-03,13:39:08,19.0601400,72.9053090
2024-12-03,13:39:09,19.0601270,72.9053180
2024-12-03,13:39:10,19.0601230,72.9053350
2024-12-03,13:39:11,19.0601080,72.9053710
2024-12-03,13:39:12,19.0601010,72.9053850
2024-12-03,13:39:13,19.0600890,72.9054200
2024-12-03,13:39:14,19.0600750,72.9054530
2024-12-03,13:39:15,19.0600600,72.9054900
2024-12-03,13:39:16,19.0600360,72.9055260
2024-12-03,13:39:17,19.0600250,72.9055690
2024-12-03,13:39:18,19.0600100,72.9055970
2024-12-03,13:39:19,19.0600070,72.9056080
2024-12-03,13:39:20,19.0600040,72.9056190
2024-12-03,13:39:21,19.0600000,72.9056300
2024-12-03,13:39:22,19.0599900,72.9056580
2024-12-03,13:39:23,19.0599770,72.9056890
2024-12-03,13:39:24,19.0599630,72.9057220
2024-12-03,13:39:25,19.0599480,72.9057560
2024-12-03,13:39:26,19.0599300,72.9057930
2024-12-03,13:39:27,19.0599160,72.9058310
2024-12-03,13:39:28,19.0599040,72.9058620
2024-12-03,13:39:29,19.0598900,72.9058920
2024-12-03,13:39:30,19.0598730,72.9059270
2024-12-03,13:39:31,19.0598550,72.9059620
2024-12-03,13:39:32,19.0598340,72.9060000
2024-12-03,13:39:33,19.0598160,72.9060410
2024-12-03,13:39:34,19.0597970,72.9060820
2024-12-03,13:39:35,19.0597810,72.9061270
2024-12-03,13:39:36,19.0597610,72.9061700
2024-12-03,13:39:37,19.0597390,72.9062140
2024-12-03,13:39:38,19.0597180,72.9062600
2024-12-03,13:39:39,19.0596950,72.9063070
2024-12-03,13:39:40,19.0596720,72.9063570
2024-12-03,13:39:41,19.0596510,72.9064060
2024-12-03,13:39:42,19.0596260,72.9064560
2024-12-03,13:39:43,19.0596010,72.9065050
2024-12-03,13:39:44,19.0595790,72.9065550
2024-12-03,13:39:45,19.0595550,72.9066040
2024-12-03,13:39:46,19.0595320,72.9066550
2024-12-03,13:39:47,19.0595110,72.9067060
2024-12-03,13:39:48,19.0594920,72.9067540
2024-12-03,13:39:49,19.0594710,72.9068020
2024-12-03,13:39:50,19.0594500,72.9068480
2024-12-03,13:39:51,19.0594290,72.9068880
2024-12-03,13:39:52,19.0594110,72.9069230
2024-12-03,13:39:53,19.0593890,72.9069560
2024-12-03,13:39:54,19.0593750,72.9069910
2024-12-03,13:39:55,19.0593600,72.9070220
2024-12-03,13:39:56,19.0593400,72.9070600
2024-12-03,13:39:57,19.0593220,72.9070950
2024-12-03,13:39:58,19.0593110,72.9071320
2024-12-03,13:39:59,19.0592970,72.9071720
2024-12-03,13:40:00,19.0592790,72.9072110
2024-12-03,13:40:01,19.0592620,72.9072440
2024-12-03,13:40:02,19.0592460,72.9072810
2024-12-03,13:40:03,19.0592290,72.9073120
2024-12-03,13:40:04,19.0592130,72.9073440
2024-12-03,13:40:05,19.0592020,72.9073700
2024-12-03,13:40:06,19.0591920,72.9073900
2024-12-03,13:40:07,19.0591840,72.9073990
2024-12-03,13:40:08,19.0591750,72.9074110
2024-12-03,13:40:09,19.0591670,72.9074280
2024-12-03,13:40:10,19.0591480,72.9074530
2024-12-03,13:40:11,19.0591270,72.9074900
2024-12-03,13:40:12,19.0591200,72.9075040
2024-12-03,13:40:13,19.0591000,72.9075350
2024-12-03,13:40:14,19.0590810,72.9075720
2024-12-03,13:40:15,19.0590520,72.9075930
2024-12-03,13:40:16,19.0590240,72.9076240
2024-12-03,13:40:17,19.0589950,72.9076520
2024-12-03,13:40:18,19.0589650,72.9076850
2024-12-03,13:40:19,19.0589360,72.9077190
2024-12-03,13:40:20,19.0589070,72.9077510
2024-12-03,13:40:21,19.0588780,72.9077820
2024-12-03,13:40:22,19.0588500,72.9078130
2024-12-03,13:40:23,19.0588200,72.9078450
2024-12-03,13:40:24,19.0587920,72.9078760
2024-12-03,13:40:25,19.0587630,72.9079090
2024-12-03,13:40:26,19.0587330,72.9079390
2024-12-03,13:40:27,19.0587050,72.9079690
2024-12-03,13:40:28,19.0586740,72.9080010
2024-12-03,13:40:29,19.0586440,72.9080280
2024-12-03,13:40:30,19.0586200,72.9080540
2024-12-03,13:40:31,19.0586050,72.9080660
2024-12-03,13:40:32,19.0585940,72.9080700
2024-12-03,13:40:33,19.0585780,72.9080880
2024-12-03,13:40:34,19.0585700,72.9080960
2024-12-03,13:40:35,19.0585630,72.9081050
2024-12-03,13:40:36,19.0585390,72.9081280
2024-12-03,13:40:37,19.0585290,72.9081370
2024-12-03,13:40:38,19.0585020,72.9081680
2024-12-03,13:40:39,19.0584930,72.9081800
2024-12-03,13:40:40,19.0584710,72.9082090
2024-12-03,13:40:41,19.0584650,72.9082160
2024-12-03,13:40:42,19.0584480,72.9082330
2024-12-03,13:40:43,19.0584380,72.9082410
2024-12-03,13:40:44,19.0584290,72.9082500
2024-12-03,13:40:45,19.0583990,72.9082790
2024-12-03,13:40:46,19.0583890,72.9082900
2024-12-03,13:40:47,19.0583670,72.9083120
2024-12-03,13:40:48,19.0583490,72.9083350
2024-12-03,13:40:49,19.0583300,72.9083650
2024-12-03,13:40:50,19.0583250,72.9083710
2024-12-03,13:40:51,19.0583210,72.9083710
2024-12-03,13:40:52,19.0583230,72.9083690
2024-12-03,13:40:53,19.0583260,72.9083670
2024-12-03,13:40:54,19.0583260,72.9083670
2024-12-03,13:40:55,19.0583260,72.9083690
2024-12-03,13:40:56,19.0583250,72.9083720
2024-12-03,13:40:57,19.0583200,72.9083800
2024-12-03,13:40:58,19.0583050,72.9083950
2024-12-03,13:40:59,19.0582860,72.9084200
2024-12-03,13:41:00,19.0582780,72.9084280
2024-12-03,13:41:01,19.0582500,72.9084530
2024-12-03,13:41:02,19.0582410,72.9084610
2024-12-03,13:41:03,19.0582290,72.9084740
2024-12-03,13:41:04,19.0582250,72.9084750
2024-12-03,13:41:05,19.0582280,72.9084720
2024-12-03,13:41:06,19.0582290,72.9084710
2024-12-03,13:41:07,19.0582300,72.9084720
2024-12-03,13:41:08,19.0582300,72.9084740
2024-12-03,13:41:09,19.0582300,72.9084760
2024-12-03,13:41:10,19.0582290,72.9084790
2024-12-03,13:41:11,19.0582230,72.9084840
2024-12-03,13:41:12,19.0582110,72.9084970
2024-12-03,13:41:13,19.0582000,72.9085070
2024-12-03,13:41:17,19.0581900,72.9085180
2024-12-03,13:41:18,19.0581790,72.9085280
2024-12-03,13:41:19,19.0581690,72.9085380
2024-12-03,13:41:20,19.0581580,72.9085460
2024-12-03,13:41:21,19.0581460,72.9085590
2024-12-03,13:41:22,19.0581360,72.9085720
2024-12-03,13:41:23,19.0581260,72.9085850
2024-12-03,13:41:24,19.0581010,72.9086080
2024-12-03,13:41:25,19.0580920,72.9086150
2024-12-03,13:41:26,19.0580650,72.9086400
2024-12-03,13:41:27,19.0580550,72.9086490
2024-12-03,13:41:28,19.0580360,72.9086740
2024-12-03,13:41:29,19.0580300,72.9086810
2024-12-03,13:41:30,19.0580310,72.9086800
2024-12-03,13:41:31,19.0580330,72.9086770
2024-12-03,13:41:32,19.0580320,72.9086770
2024-12-03,13:41:33,19.0580200,72.9086840
2024-12-03,13:41:34,19.0580050,72.9086970
2024-12-03,13:41:35,19.0579810,72.9087240
2024-12-03,13:41:36,19.0579730,72.9087350
2024-12-03,13:41:37,19.0579440,72.9087720
2024-12-03,13:41:38,19.0579300,72.9087860
2024-12-03,13:41:39,19.0579090,72.9088100
2024-12-03,13:41:40,19.0578870,72.9088330
2024-12-03,13:41:41,19.0578620,72.9088600
2024-12-03,13:41:42,19.0578370,72.9088910
2024-12-03,13:41:43,19.0578150,72.9089200
2024-12-03,13:41:44,19.0577940,72.9089450
2024-12-03,13:41:45,19.0577650,72.9089710
2024-12-03,13:41:46,19.0577280,72.9089900
2024-12-03,13:41:47,19.0577080,72.9090180
2024-12-03,13:41:48,19.0576760,72.9090380
2024-12-03,13:41:49,19.0576400,72.9090560
2024-12-03,13:41:50,19.0576050,72.9090810
2024-12-03,13:41:51,19.0575720,72.9091030
2024-12-03,13:41:52,19.0575710,72.9091440
2024-12-03,13:41:53,19.0575460,72.9091740
2024-12-03,13:41:54,19.0575110,72.9091930
2024-12-03,13:41:55,19.0574870,72.9092210
2024-12-03,13:41:56,19.0574630,72.9092460
2024-12-03,13:41:57,19.0574440,72.9092800
2024-12-03,13:41:58,19.0574260,72.9093130
2024-12-03,13:41:59,19.0573950,72.9093390
2024-12-03,13:42:00,19.0573680,72.9093720
2024-12-03,13:42:01,19.0573420,72.9094000
2024-12-03,13:42:02,19.0573130,72.9094250
2024-12-03,13:42:03,19.0572880,72.9094540
2024-12-03,13:42:04,19.0572590,72.9094800
2024-12-03,13:42:05,19.0572360,72.9095070
2024-12-03,13:42:06,19.0572130,72.9095340
2024-12-03,13:42:07,19.0571920,72.9095600
2024-12-03,13:42:08,19.0571670,72.9095820
2024-12-03,13:42:09,19.0571400,72.9096010
2024-12-03,13:42:10,19.0571190,72.9096230
2024-12-03,13:42:11,19.0571010,72.9096450
2024-12-03,13:42:12,19.0570750,72.9096660
2024-12-03,13:42:13,19.0570410,72.9096860
2024-12-03,13:42:14,19.0570070,72.9097060
2024-12-03,13:42:15,19.0569710,72.9097220
2024-12-03,13:42:16,19.0569420,72.9097270
2024-12-03,13:42:17,19.0569160,72.9097470
2024-12-03,13:42:18,19.0568930,72.9097630
2024-12-03,13:42:19,19.0568750,72.9097710
2024-12-03,13:42:20,19.0568610,72.9097780
2024-12-03,13:42:21,19.0568460,72.9097820
2024-12-03,13:42:22,19.0568330,72.9097900
2024-12-03,13:42:23,19.0568050,72.9098020
2024-12-03,13:42:24,19.0567940,72.9098050
2024-12-03,13:42:25,19.0567770,72.9098120
2024-12-03,13:42:26,19.0567620,72.9098230
2024-12-03,13:42:27,19.0567380,72.9098400
2024-12-03,13:42:28,19.0567300,72.9098480
2024-12-03,13:42:29,19.0567160,72.9098540
2024-12-03,13:42:30,19.0566990,72.9098610
2024-12-03,13:42:31,19.0566720,72.9098770
2024-12-03,13:42:32,19.0566620,72.9098830
2024-12-03,13:42:33,19.0566450,72.9098890
2024-12-03,13:42:34,19.0566290,72.9098960
2024-12-03,13:42:35,19.0566040,72.9099100
2024-12-03,13:42:36,19.0565960,72.9099150
2024-12-03,13:42:37,19.0565680,72.9099310
2024-12-03,13:42:38,19.0565580,72.9099360
2024-12-03,13:42:39,19.0565330,72.9099500
2024-12-03,13:42:40,19.0565260,72.9099540
2024-12-03,13:42:41,19.0565090,72.9099610
2024-12-03,13:42:42,19.0565020,72.9099650
2024-12-03,13:42:43,19.0565000,72.9099640
2024-12-03,13:42:44,19.0564820,72.9099750
2024-12-03,13:42:45,19.0564700,72.9099830
2024-12-03,13:42:46,19.0564590,72.9099900
2024-12-03,13:42:47,19.0564350,72.9100080
2024-12-03,13:42:48,19.0564260,72.9100110
2024-12-03,13:42:49,19.0563930,72.9100220
2024-12-03,13:42:50,19.0563800,72.9100250
2024-12-03,13:42:51,19.0563500,72.9100420
2024-12-03,13:42:52,19.0563430,72.9100460
2024-12-03,13:42:53,19.0563140,72.9100560
2024-12-03,13:42:54,19.0563060,72.9100590
2024-12-03,13:42:55,19.0562790,72.9100690
2024-12-03,13:42:56,19.0562490,72.9100830
2024-12-03,13:42:57,19.0562200,72.9101000
2024-12-03,13:42:58,19.0561910,72.9101180
2024-12-03,13:42:59,19.0561600,72.9101300
2024-12-03,13:43:00,19.0561320,72.9101410
2024-12-03,13:43:01,19.0560980,72.9101520
2024-12-03,13:43:02,19.0560650,72.9101640
2024-12-03,13:43:03,19.0560150,72.9101710
2024-12-03,13:43:04,19.0559710,72.9101820
2024-12-03,13:43:05,19.0559270,72.9101950
2024-12-03,13:43:06,19.0558940,72.9102200
2024-12-03,13:43:07,19.0558540,72.9102410
2024-12-03,13:43:08,19.0558100,72.9102610
2024-12-03,13:43:09,19.0557690,72.9102800
2024-12-03,13:43:10,19.0557280,72.9103000
2024-12-03,13:43:11,19.0556910,72.9103220
2024-12-03,13:43:12,19.0556590,72.9103440
2024-12-03,13:43:13,19.0556340,72.9103640
2024-12-03,13:43:14,19.0556290,72.9103680
2024-12-03,13:43:15,19.0556190,72.9103800
2024-12-03,13:43:16,19.0556100,72.9103870
2024-12-03,13:43:17,19.0556010,72.9103950
2024-12-03,13:43:18,19.0555690,72.9104170
2024-12-03,13:43:19,19.0555420,72.9104370
2024-12-03,13:43:20,19.0555150,72.9104570
2024-12-03,13:43:21,19.0554900,72.9104760
2024-12-03,13:43:22,19.0554630,72.9104960
2024-12-03,13:43:23,19.0554650,72.9105910
2024-12-03,13:43:24,19.0554370,72.9106070
2024-12-03,13:43:25,19.0554460,72.9106600
2024-12-03,13:43:26,19.0554180,72.9106850
2024-12-03,13:43:27,19.0553920,72.9107150
2024-12-03,13:43:28,19.0553650,72.9107420
2024-12-03,13:43:29,19.0553400,72.9107680
2024-12-03,13:43:30,19.0553140,72.9107950
2024-12-03,13:43:31,19.0552860,72.9108210
2024-12-03,13:43:32,19.0552700,72.9108570
2024-12-03,13:43:33,19.0552470,72.9108840
2024-12-03,13:43:34,19.0552990,72.9108590
2024-12-03,13:43:35,19.0552890,72.9108880
2024-12-03,13:43:36,19.0552860,72.9108970
2024-12-03,13:43:37,19.0552810,72.9109040
2024-12-03,13:43:38,19.0552880,72.9108940
2024-12-03,13:43:39,19.0552830,72.9108940
2024-12-03,13:43:40,19.0552760,72.9108970
2024-12-03,13:43:41,19.0552760,72.9108970
2024-12-03,13:43:42,19.0552540,72.9108980
2024-12-03,13:43:43,19.0552440,72.9109010
2024-12-03,13:43:44,19.0552360,72.9109090
2024-12-03,13:43:45,19.0552290,72.9109170
2024-12-03,13:43:46,19.0552220,72.9109240
2024-12-03,13:44:49,19.0552150,72.9109320
2024-12-03,13:44:50,19.0552070,72.9109400
2024-12-03,13:44:51,19.0552000,72.9109480
2024-12-03,13:44:52,19.0551790,72.9109710
2024-12-03,13:44:53,19.0551710,72.9109800
2024-12-03,13:44:54,19.0551610,72.9110060
2024-12-03,13:44:55,19.0551490,72.9110130
2024-12-03,13:44:56,19.0551200,72.9110460
2024-12-03,13:44:57,19.0550940,72.9110780
2024-12-03,13:44:58,19.0550720,72.9111100
2024-12-03,13:44:59,19.0550520,72.9111410
2024-12-03,13:45:00,19.0550230,72.9111610
2024-12-03,13:45:01,19.0549960,72.9111850
2024-12-03,13:45:02,19.0549660,72.9112120
2024-12-03,13:45:03,19.0549370,72.9112400
2024-12-03,13:45:04,19.0549040,72.9112670
2024-12-03,13:45:05,19.0548700,72.9113010
2024-12-03,13:45:06,19.0548390,72.9113330
2024-12-03,13:45:07,19.0548070,72.9113680
2024-12-03,13:45:08,19.0547740,72.9114030
2024-12-03,13:45:09,19.0547430,72.9114370
2024-12-03,13:45:10,19.0547130,72.9114700
2024-12-03,13:45:11,19.0546830,72.9115010
2024-12-03,13:45:12,19.0546520,72.9115320
2024-12-03,13:45:13,19.0546200,72.9115640
2024-12-03,13:45:14,19.0545920,72.9116010
2024-12-03,13:45:15,19.0545620,72.9116370
2024-12-03,13:45:16,19.0545330,72.9116760
2024-12-03,13:45:17,19.0545020,72.9117180
2024-12-03,13:45:18,19.0544710,72.9117610
2024-12-03,13:45:19,19.0544400,72.9118010
2024-12-03,13:45:20,19.0544100,72.9118550
2024-12-03,13:45:21,19.0543820,72.9119150
2024-12-03,13:45:22,19.0543550,72.9119630
2024-12-03,13:45:23,19.0543260,72.9120140
2024-12-03,13:45:24,19.0542980,72.9120650
2024-12-03,13:45:25,19.0542630,72.9120890
2024-12-03,13:45:26,19.0542360,72.9121330
2024-12-03,13:45:27,19.0542090,72.9121780
2024-12-03,13:45:28,19.0541870,72.9122260
2024-12-03,13:45:29,19.0541670,72.9122790
2024-12-03,13:45:30,19.0541500,72.9123340
2024-12-03,13:45:31,19.0541330,72.9123870
2024-12-03,13:45:32,19.0541120,72.9124360
2024-12-03,13:45:33,19.0540960,72.9124870
2024-12-03,13:45:34,19.0540840,72.9125340
2024-12-03,13:45:35,19.0540760,72.9125750
2024-12-03,13:45:36,19.0540670,72.9126140
2024-12-03,13:45:37,19.0540620,72.9126360
2024-12-03,13:45:38,19.0540600,72.9126450
2024-12-03,13:45:39,19.0540510,72.9126630
2024-12-03,13:45:40,19.0540500,72.9126750
2024-12-03,13:45:41,19.0540480,72.9126870
2024-12-03,13:45:42,19.0540370,72.9127310
2024-12-03,13:45:43,19.0540320,72.9127460
2024-12-03,13:45:44,19.0540170,72.9127880
2024-12-03,13:45:45,19.0540060,72.9128210
2024-12-03,13:45:46,19.0539950,72.9128540
2024-12-03,13:45:47,19.0539830,72.9128890
2024-12-03,13:45:48,19.0539750,72.9129310
2024-12-03,13:45:49,19.0539610,72.9129740
2024-12-03,13:45:50,19.0539470,72.9130170
2024-12-03,13:45:51,19.0539270,72.9130700
2024-12-03,13:45:52,19.0539070,72.9131140
2024-12-03,13:45:53,19.0538970,72.9131690
2024-12-03,13:45:54,19.0538900,72.9132250
2024-12-03,13:45:55,19.0538740,72.9132740
2024-12-03,13:45:56,19.0538570,72.9133070
2024-12-03,13:45:57,19.0538420,72.9133470
2024-12-03,13:45:58,19.0538190,72.9133880
2024-12-03,13:45:59,19.0538140,72.9134310
2024-12-03,13:46:00,19.0538150,72.9134810
2024-12-03,13:46:01,19.0538050,72.9135310
2024-12-03,13:46:02,19.0537970,72.9135760
2024-12-03,13:46:03,19.0537870,72.9136220
2024-12-03,13:46:04,19.0537800,72.9136660
2024-12-03,13:46:05,19.0537800,72.9137050
2024-12-03,13:46:06,19.0537720,72.9137470
2024-12-03,13:46:07,19.0537680,72.9137900
2024-12-03,13:46:08,19.0537600,72.9138260
2024-12-03,13:46:09,19.0537520,72.9138590
2024-12-03,13:46:10,19.0537480,72.9138820
2024-12-03,13:46:11,19.0537470,72.9138900
2024-12-03,13:46:12,19.0537400,72.9138950
2024-12-03,13:46:13,19.0537350,72.9139010
2024-12-03,13:46:14,19.0537310,72.9139060
2024-12-03,13:46:15,19.0537270,72.9139110
2024-12-03,13:46:16,19.0537220,72.9139160
2024-12-03,13:46:17,19.0537180,72.9139220
2024-12-03,13:46:18,19.0537130,72.9139270
2024-12-03,13:46:19,19.0537090,72.9139320
2024-12-03,13:46:20,19.0537130,72.9139260
2024-12-03,13:46:21,19.0537170,72.9139210
2024-12-03,13:47:08,19.0537260,72.9139060
2024-12-03,13:47:09,19.0537230,72.9139250
2024-12-03,13:47:10,19.0537190,72.9139420
2024-12-03,13:47:11,19.0537080,72.9139800
2024-12-03,13:47:12,19.0537040,72.9140220
2024-12-03,13:47:13,19.0536910,72.9140610
2024-12-03,13:47:14,19.0536850,72.9141050
2024-12-03,13:47:15,19.0536870,72.9141510
2024-12-03,13:47:16,19.0536910,72.9141690
2024-12-03,13:47:17,19.0537000,72.9142050
2024-12-03,13:47:18,19.0537040,72.9142150
2024-12-03,13:47:19,19.0537300,72.9142460
2024-12-03,13:47:20,19.0537370,72.9142550
2024-12-03,13:47:21,19.0537570,72.9142630
2024-12-03,13:47:22,19.0537730,72.9142630
2024-12-03,13:47:23,19.0538010,72.9142720
2024-12-03,13:47:24,19.0538280,72.9142790
2024-12-03,13:47:25,19.0538570,72.9142870
2024-12-03,13:47:26,19.0538900,72.9142830
2024-12-03,13:47:27,19.0539190,72.9142860
2024-12-03,13:47:28,19.0539510,72.9142930
2024-12-03,13:47:29,19.0539830,72.9143000
2024-12-03,13:47:30,19.0540150,72.9143030
2024-12-03,13:47:31,19.0540350,72.9143080
2024-12-03,13:47:32,19.0540420,72.9143070
2024-12-03,13:47:33,19.0540410,72.9143040
2024-12-03,13:47:34,19.0540460,72.9143050
2024-12-03,13:47:35,19.0540730,72.9143070
2024-12-03,13:47:36,19.0540840,72.9143080
2024-12-03,13:47:37,19.0541160,72.9143060
2024-12-03,13:47:38,19.0541270,72.9143040
2024-12-03,13:47:39,19.0541540,72.9143050
2024-12-03,13:47:40,19.0541850,72.9143010
2024-12-03,13:47:41,19.0542190,72.9143060
2024-12-03,13:47:42,19.0542510,72.9143100
2024-12-03,13:47:43,19.0542900,72.9143220
2024-12-03,13:47:44,19.0543070,72.9143230
2024-12-03,13:47:45,19.0543400,72.9143270
2024-12-03,13:47:46,19.0543730,72.9143320
2024-12-03,13:47:47,19.0544070,72.9143350
2024-12-03,13:47:48,19.0544390,72.9143400
2024-12-03,13:47:49,19.0544700,72.9143470
2024-12-03,13:47:50,19.0545020,72.9143560
2024-12-03,13:47:51,19.0545110,72.9143590
2024-12-03,13:47:52,19.0545380,72.9143710
2024-12-03,13:47:53,19.0545470,72.9143770
2024-12-03,13:47:54,19.0545530,72.9143890
2024-12-03,13:47:55,19.0545670,72.9144070
2024-12-03,13:47:56,19.0545680,72.9144200
2024-12-03,13:47:57,19.0545750,72.9144400
2024-12-03,13:47:58,19.0545750,72.9144750
2024-12-03,13:47:59,19.0545750,72.9144890
2024-12-03,13:48:00,19.0545730,72.9145220
2024-12-03,13:48:01,19.0545750,72.9145550
2024-12-03,13:48:02,19.0545620,72.9145940
2024-12-03,13:48:03,19.0545600,72.9146150
2024-12-03,13:48:04,19.0545630,72.9146510
2024-12-03,13:48:05,19.0545640,72.9146880
2024-12-03,13:48:06,19.0545760,72.9147220
2024-12-03,13:48:07,19.0545820,72.9147380
2024-12-03,13:48:08,19.0545830,72.9147520
2024-12-03,13:48:09,19.0546000,72.9147810
2024-12-03,13:48:10,19.0546050,72.9147900
2024-12-03,13:48:11,19.0545970,72.9148170
2024-12-03,13:48:12,19.0545940,72.9148290
2024-12-03,13:48:13,19.0545800,72.9148610
2024-12-03,13:48:14,19.0545740,72.9148730
2024-12-03,13:48:15,19.0545530,72.9149050
2024-12-03,13:48:16,19.0545420,72.9149170
2024-12-03,13:48:17,19.0545240,72.9149460
2024-12-03,13:48:18,19.0545030,72.9149720
2024-12-03,13:48:19,19.0544820,72.9149980
2024-12-03,13:48:20,19.0544680,72.9150270
2024-12-03,13:48:21,19.0544490,72.9150580
2024-12-03,13:48:22,19.0544410,72.9150660
2024-12-03,13:48:23,19.0544350,72.9150760
2024-12-03,13:48:24,19.0544270,72.9150940
2024-12-03,13:48:25,19.0543980,72.9150910
2024-12-03,13:48:26,19.0543940,72.9151060
2024-12-03,13:48:27,19.0543850,72.9151220
2024-12-03,13:48:28,19.0543640,72.9151480
2024-12-03,13:48:29,19.0543550,72.9151560
2024-12-03,13:48:30,19.0543340,72.9151770
2024-12-03,13:48:31,19.0543130,72.9151980
2024-12-03,13:48:32,19.0542880,72.9152220
2024-12-03,13:48:33,19.0542790,72.9152300
2024-12-03,13:48:34,19.0542540,72.9152520
2024-12-03,13:48:35,19.0542400,72.9152590
2024-12-03,13:48:36,19.0542150,72.9152810
2024-12-03,13:48:37,19.0541890,72.9153090
2024-12-03,13:48:38,19.0541650,72.9153340
2024-12-03,13:48:39,19.0541460,72.9153590
2024-12-03,13:48:40,19.0541230,72.9153870
2024-12-03,13:48:41,19.0541100,72.9154180
2024-12-03,13:48:42,19.0540990,72.9154540
2024-12-03,13:48:43,19.0540930,72.9154930
2024-12-03,13:48:44,19.0540820,72.9155220
2024-12-03,13:48:45,19.0540720,72.9155530
2024-12-03,13:48:46,19.0540600,72.9155850
2024-12-03,13:48:47,19.0540510,72.9156180
2024-12-03,13:48:48,19.0540390,72.9156520
2024-12-03,13:48:49,19.0540320,72.9156850
2024-12-03,13:48:50,19.0540260,72.9157160
2024-12-03,13:48:51,19.0540220,72.9157340
2024-12-03,13:48:52,19.0540170,72.9157390
2024-12-03,13:48:53,19.0540130,72.9157330
2024-12-03,13:48:54,19.0540160,72.9157260
2024-12-03,13:48:55,19.0540160,72.9157240
2024-12-03,13:48:56,19.0540150,72.9157110
2024-12-03,13:48:57,19.0540140,72.9156970
2024-12-03,13:48:58,19.0540170,72.9156870
2024-12-03,13:48:59,19.0540230,72.9156710
2024-12-03,13:49:00,19.0540290,72.9156610
2024-12-03,13:49:01,19.0540390,72.9156060
2024-12-03,13:49:18,19.0540430,72.9155710
2024-12-03,13:49:19,19.0540470,72.9155350
2024-12-03,13:49:20,19.0540510,72.9154990
2024-12-03,13:49:21,19.0540630,72.9154690
2024-12-03,13:49:22,19.0540690,72.9154590
2024-12-03,13:49:23,19.0540830,72.9154340
2024-12-03,13:49:24,19.0541040,72.9154100
2024-12-03,13:49:25,19.0541320,72.9153890
2024-12-03,13:49:26,19.0541520,72.9153660
2024-12-03,13:49:27,19.0541670,72.9153340
2024-12-03,13:49:28,19.0541970,72.9153220
2024-12-03,13:49:29,19.0542280,72.9152990
2024-12-03,13:49:30,19.0542560,72.9152710
2024-12-03,13:49:31,19.0542830,72.9152420
2024-12-03,13:49:32,19.0543110,72.9152190
2024-12-03,13:49:33,19.0543390,72.9151940
2024-12-03,13:49:34,19.0543530,72.9151670
2024-12-03,13:49:35,19.0543690,72.9151440
2024-12-03,13:49:36,19.0543890,72.9151110
2024-12-03,13:49:37,19.0543940,72.9151000
2024-12-03,13:49:38,19.0544020,72.9150830
2024-12-03,13:49:39,19.0544110,72.9150720
2024-12-03,13:49:40,19.0544220,72.9150630
2024-12-03,13:49:41,19.0544320,72.9150430
2024-12-03,13:49:42,19.0544490,72.9150150
2024-12-03,13:49:43,19.0544550,72.9150050
2024-12-03,13:49:44,19.0544640,72.9149880
2024-12-03,13:49:45,19.0544730,72.9149760
2024-12-03,13:49:46,19.0544920,72.9149640
2024-12-03,13:49:47,19.0545020,72.9149570
2024-12-03,13:49:48,19.0545120,72.9149500
2024-12-03,13:49:49,19.0545480,72.9149240
2024-12-03,13:49:50,19.0545700,72.9148970
2024-12-03,13:49:51,19.0545800,72.9148590
2024-12-03,13:49:52,19.0545840,72.9148450
2024-12-03,13:49:53,19.0545940,72.9148150
2024-12-03,13:49:54,19.0546070,72.9147850
2024-12-03,13:49:55,19.0546110,72.9147530
2024-12-03,13:49:56,19.0546180,72.9147240
2024-12-03,13:49:57,19.0546130,72.9147040
2024-12-03,13:49:58,19.0546190,72.9146900
2024-12-03,13:49:59,19.0546160,72.9146850
2024-12-03,13:50:00,19.0546160,72.9146830
2024-12-03,13:50:01,19.0546150,72.9146820
2024-12-03,13:50:02,19.0546150,72.9146810
2024-12-03,13:50:03,19.0546140,72.9146790
2024-12-03,13:50:04,19.0546130,72.9146720
2024-12-03,13:50:05,19.0546140,72.9146640
2024-12-03,13:50:06,19.0546130,72.9146570
2024-12-03,13:50:07,19.0546140,72.9146530
2024-12-03,13:50:08,19.0546120,72.9146440
2024-12-03,13:50:09,19.0546130,72.9146260
2024-12-03,13:50:10,19.0546160,72.9145890
2024-12-03,13:50:11,19.0546160,72.9145770
2024-12-03,13:50:12,19.0546160,72.9145730
2024-12-03,13:50:13,19.0546140,72.9145720
2024-12-03,13:50:14,19.0546130,72.9145680
2024-12-03,13:50:15,19.0546110,72.9145480
2024-12-03,13:50:16,19.0546080,72.9145160
2024-12-03,13:50:17,19.0546050,72.9145060
2024-12-03,13:50:18,19.0545970,72.9144770
2024-12-03,13:50:19,19.0545790,72.9144500
2024-12-03,13:50:20,19.0545730,72.9144440
2024-12-03,13:50:21,19.0545600,72.9144310
2024-12-03,13:50:22,19.0545460,72.9144230
2024-12-03,13:50:23,19.0545300,72.9144140
2024-12-03,13:50:24,19.0545140,72.9144050
2024-12-03,13:50:25,19.0544800,72.9143980
2024-12-03,13:50:26,19.0544700,72.9143980
2024-12-03,13:50:27,19.0544560,72.9143980
2024-12-03,13:50:28,19.0544460,72.9143960
2024-12-03,13:50:29,19.0544360,72.9143930
2024-12-03,13:50:30,19.0544050,72.9143870
2024-12-03,13:50:31,19.0543920,72.9143860
2024-12-03,13:50:32,19.0543550,72.9143800
2024-12-03,13:50:33,19.0543420,72.9143780
2024-12-03,13:50:34,19.0543120,72.9143790
2024-12-03,13:50:35,19.0542740,72.9143730
2024-12-03,13:50:36,19.0542380,72.9143650
2024-12-03,13:50:37,19.0542060,72.9143590
2024-12-03,13:50:38,19.0541750,72.9143550
2024-12-03,13:50:39,19.0541440,72.9143500
2024-12-03,13:50:40,19.0541130,72.9143440
2024-12-03,13:50:41,19.0540790,72.9143410
2024-12-03,13:50:42,19.0540440,72.9143370
2024-12-03,13:50:43,19.0540060,72.9143340
2024-12-03,13:50:44,19.0539680,72.9143270
2024-12-03,13:50:45,19.0539280,72.9143200
2024-12-03,13:50:46,19.0538880,72.9143130
2024-12-03,13:50:47,19.0538510,72.9143080
2024-12-03,13:50:48,19.0538200,72.9143020
2024-12-03,13:50:49,19.0538010,72.9143020
2024-12-03,13:50:50,19.0537940,72.9143010
2024-12-03,13:50:51,19.0537920,72.9143040
2024-12-03,13:50:52,19.0537880,72.9143080
2024-12-03,13:50:53,19.0537820,72.9143080
2024-12-03,13:50:54,19.0537760,72.9143080
2024-12-03,13:50:55,19.0537710,72.9143090
2024-12-03,13:50:56,19.0537650,72.9143090
2024-12-03,13:50:57,19.0537590,72.9143090
2024-12-03,13:50:58,19.0537530,72.9143090
2024-12-03,13:50:59,19.0537550,72.9142990
2024-12-03,13:51:00,19.0537640,72.9143000
2024-12-03,13:52:15,19.0537480,72.9143060
2024-12-03,13:52:16,19.0537290,72.9143070
2024-12-03,13:52:17,19.0537150,72.9143050
2024-12-03,13:52:18,19.0536980,72.9143050
2024-12-03,13:52:19,19.0536840,72.9143040
2024-12-03,13:52:20,19.0536760,72.9143030
2024-12-03,13:52:21,19.0536680,72.9143090
2024-12-03,13:52:22,19.0536620,72.9143190
2024-12-03,13:52:23,19.0536640,72.9143270
2024-12-03,13:52:24,19.0536600,72.9143290
2024-12-03,13:52:25,19.0536550,72.9143310
2024-12-03,13:52:26,19.0536530,72.9143320
2024-12-03,13:52:27,19.0536370,72.9143450
2024-12-03,13:52:28,19.0536190,72.9143740
2024-12-03,13:52:29,19.0536150,72.9143850
2024-12-03,13:52:30,19.0536150,72.9144110
2024-12-03,13:52:31,19.0536200,72.9144240
2024-12-03,13:52:32,19.0536310,72.9144520
2024-12-03,13:52:33,19.0536030,72.9144900
2024-12-03,13:52:34,19.0535880,72.9145210
2024-12-03,13:52:35,19.0535770,72.9145490
2024-12-03,13:52:36,19.0535710,72.9145690
2024-12-03,13:52:37,19.0535670,72.9145830
2024-12-03,13:52:38,19.0535490,72.9146130
2024-12-03,13:52:39,19.0535280,72.9146790
2024-12-03,13:52:40,19.0535110,72.9147230
2024-12-03,13:52:41,19.0534950,72.9147660
2024-12-03,13:52:42,19.0534800,72.9148080
2024-12-03,13:52:43,19.0534650,72.9148490
2024-12-03,13:52:44,19.0534500,72.9148910
2024-12-03,13:52:45,19.0534360,72.9149310
2024-12-03,13:52:46,19.0534250,72.9149660
2024-12-03,13:52:47,19.0534160,72.9149970
2024-12-03,13:52:48,19.0534010,72.9149570
2024-12-03,13:52:49,19.0533810,72.9149880
2024-12-03,13:52:50,19.0533510,72.9150170
2024-12-03,13:52:51,19.0533400,72.9150340
2024-12-03,13:52:52,19.0533220,72.9150690
2024-12-03,13:52:53,19.0533050,72.9151100
2024-12-03,13:52:54,19.0532870,72.9151500
2024-12-03,13:52:55,19.0532600,72.9152010
2024-12-03,13:52:56,19.0532280,72.9152310
2024-12-03,13:52:57,19.0532070,72.9152820
2024-12-03,13:52:58,19.0531880,72.9153240
2024-12-03,13:52:59,19.0531600,72.9153580
2024-12-03,13:53:00,19.0531330,72.9153930
2024-12-03,13:53:01,19.0531080,72.9154320
2024-12-03,13:53:02,19.0530760,72.9154730
2024-12-03,13:53:03,19.0530440,72.9155110
2024-12-03,13:53:04,19.0530140,72.9155490
2024-12-03,13:53:05,19.0529870,72.9155850
2024-12-03,13:53:06,19.0529600,72.9156210
2024-12-03,13:53:07,19.0529360,72.9156650
2024-12-03,13:53:08,19.0529100,72.9157080
2024-12-03,13:53:09,19.0528860,72.9157530
2024-12-03,13:53:10,19.0528690,72.9157990
2024-12-03,13:53:11,19.0528590,72.9158390
2024-12-03,13:53:12,19.0528420,72.9158660
2024-12-03,13:53:13,19.0528310,72.9158950
2024-12-03,13:53:14,19.0528180,72.9159210
2024-12-03,13:53:15,19.0528080,72.9159350
2024-12-03,13:53:16,19.0528020,72.9159460
2024-12-03,13:53:17,19.0527760,72.9159610
2024-12-03,13:53:18,19.0527610,72.9159660
2024-12-03,13:53:19,19.0527420,72.9160090
2024-12-03,13:53:20,19.0527270,72.9160420
2024-12-03,13:53:21,19.0527210,72.9160520
2024-12-03,13:53:22,19.0527090,72.9160820
2024-12-03,13:53:23,19.0526930,72.9161210
2024-12-03,13:53:24,19.0526770,72.9161600
2024-12-03,13:53:25,19.0526600,72.9162050
2024-12-03,13:53:26,19.0526410,72.9162520
2024-12-03,13:53:27,19.0526210,72.9162990
2024-12-03,13:53:28,19.0526010,72.9163480
2024-12-03,13:53:29,19.0525770,72.9163960
2024-12-03,13:53:30,19.0525560,72.9164430
2024-12-03,13:53:31,19.0525360,72.9164880
2024-12-03,13:53:32,19.0525160,72.9165310
2024-12-03,13:53:33,19.0524930,72.9165720
2024-12-03,13:53:34,19.0524690,72.9166180
2024-12-03,13:53:35,19.0524460,72.9166610
2024-12-03,13:53:36,19.0524210,72.9167040
2024-12-03,13:53:37,19.0523950,72.9167450
2024-12-03,13:53:38,19.0523670,72.9167870
2024-12-03,13:53:39,19.0523370,72.9168300
2024-12-03,13:53:40,19.0523060,72.9168700
2024-12-03,13:53:41,19.0522730,72.9169110
2024-12-03,13:53:42,19.0522400,72.9169520
2024-12-03,13:53:43,19.0522120,72.9169980
2024-12-03,13:53:44,19.0521790,72.9170380
2024-12-03,13:53:45,19.0521500,72.9170740
2024-12-03,13:53:46,19.0521300,72.9170970
2024-12-03,13:53:47,19.0521040,72.9171300
2024-12-03,13:53:48,19.0520950,72.9171410
2024-12-03,13:53:49,19.0520700,72.9171710
2024-12-03,13:53:50,19.0520450,72.9171990
2024-12-03,13:53:51,19.0520250,72.9172240
2024-12-03,13:53:52,19.0520050,72.9172530
2024-12-03,13:53:53,19.0519860,72.9172900
2024-12-03,13:53:54,19.0519630,72.9173250
2024-12-03,13:53:55,19.0519450,72.9173610
2024-12-03,13:53:56,19.0519230,72.9173930
2024-12-03,13:53:57,19.0519070,72.9174250
2024-12-03,13:53:58,19.0518850,72.9174550
2024-12-03,13:53:59,19.0518600,72.9174870
2024-12-03,13:54:00,19.0518370,72.9175220
2024-12-03,13:54:01,19.0518090,72.9175580
2024-12-03,13:54:02,19.0517850,72.9176040
2024-12-03,13:54:03,19.0517600,72.9176470
2024-12-03,13:54:04,19.0517330,72.9176880
2024-12-03,13:54:05,19.0517100,72.9177240
2024-12-03,13:54:06,19.0516760,72.9177400
2024-12-03,13:54:07,19.0516500,72.9177870
2024-12-03,13:54:08,19.0516250,72.9178240
2024-12-03,13:54:09,19.0516020,72.9178700
2024-12-03,13:54:10,19.0515720,72.9179120
2024-12-03,13:54:11,19.0515450,72.9179500
2024-12-03,13:54:12,19.0515180,72.9179900
2024-12-03,13:54:13,19.0514840,72.9180250
2024-12-03,13:54:14,19.0514540,72.9180600
2024-12-03,13:54:15,19.0514250,72.9181000
2024-12-03,13:54:16,19.0513970,72.9181380
2024-12-03,13:54:17,19.0513690,72.9181750
2024-12-03,13:54:18,19.0513460,72.9182060
2024-12-03,13:54:19,19.0513200,72.9182360
2024-12-03,13:54:20,19.0513120,72.9182440
2024-12-03,13:54:21,19.0513010,72.9182530
2024-12-03,13:54:22,19.0512860,72.9182650
2024-12-03,13:54:23,19.0512780,72.9182860
2024-12-03,13:54:24,19.0512730,72.9182980
2024-12-03,13:54:25,19.0512670,72.9183100
2024-12-03,13:54:26,19.0512420,72.9183420
2024-12-03,13:54:27,19.0512220,72.9183750
2024-12-03,13:54:28,19.0512050,72.9184040
2024-12-03,13:54:29,19.0511850,72.9184330
2024-12-03,13:54:30,19.0511640,72.9184630
2024-12-03,13:54:31,19.0511580,72.9184730
2024-12-03,13:54:32,19.0511440,72.9184950
2024-12-03,13:54:33,19.0511370,72.9185100
2024-12-03,13:54:34,19.0511300,72.9185240
2024-12-03,13:54:35,19.0511110,72.9185580
2024-12-03,13:54:36,19.0510830,72.9185830
2024-12-03,13:54:37,19.0510590,72.9186120
2024-12-03,13:54:38,19.0510330,72.9186460
2024-12-03,13:54:39,19.0510070,72.9186840
2024-12-03,13:54:40,19.0509800,72.9187270
2024-12-03,13:54:41,19.0509500,72.9187670
2024-12-03,13:54:42,19.0509230,72.9188060
2024-12-03,13:54:43,19.0508970,72.9188480
2024-12-03,13:54:44,19.0508710,72.9188860
2024-12-03,13:54:45,19.0508410,72.9189230
2024-12-03,13:54:46,19.0508110,72.9189640
2024-12-03,13:54:47,19.0507810,72.9190070
2024-12-03,13:54:48,19.0507530,72.9190490
2024-12-03,13:54:49,19.0507120,72.9191020
2024-12-03,13:54:50,19.0506750,72.9191490
2024-12-03,13:54:51,19.0506430,72.9191930
2024-12-03,13:54:52,19.0506190,72.9192380
2024-12-03,13:54:53,19.0505880,72.9192780
2024-12-03,13:54:54,19.0505620,72.9193230
2024-12-03,13:54:55,19.0505340,72.9193680
2024-12-03,13:54:56,19.0505110,72.9194150
2024-12-03,13:54:57,19.0504850,72.9194640
2024-12-03,13:54:58,19.0504640,72.9195100
2024-12-03,13:54:59,19.0504400,72.9195540
2024-12-03,13:55:00,19.0504190,72.9195960
2024-12-03,13:55:01,19.0503920,72.9196400
2024-12-03,13:55:02,19.0503720,72.9196860
2024-12-03,13:55:03,19.0503560,72.9197230
2024-12-03,13:55:04,19.0503480,72.9197520
2024-12-03,13:55:05,19.0503330,72.9197780
2024-12-03,13:55:06,19.0503220,72.9198110
2024-12-03,13:55:07,19.0503110,72.9198400
2024-12-03,13:55:08,19.0503260,72.9198670
2024-12-03,13:55:09,19.0503210,72.9199020
2024-12-03,13:55:10,19.0503170,72.9199400
2024-12-03,13:55:11,19.0503120,72.9199530
2024-12-03,13:55:12,19.0502870,72.9199880
2024-12-03,13:55:13,19.0502740,72.9200350
2024-12-03,13:55:14,19.0502640,72.9200750
2024-12-03,13:55:15,19.0502520,72.9201070
2024-12-03,13:55:16,19.0502370,72.9201390
2024-12-03,13:55:17,19.0502220,72.9201700
2024-12-03,13:55:18,19.0502030,72.9201990
2024-12-03,13:55:19,19.0501820,72.9202260
2024-12-03,13:55:20,19.0501570,72.9202510
2024-12-03,13:55:21,19.0501360,72.9202710
2024-12-03,13:55:22,19.0501140,72.9202920
2024-12-03,13:55:23,19.0500900,72.9203130
2024-12-03,13:55:24,19.0500630,72.9203370
2024-12-03,13:55:25,19.0500550,72.9203420
2024-12-03,13:55:26,19.0500410,72.9203550
2024-12-03,13:55:27,19.0500300,72.9203630
2024-12-03,13:55:28,19.0499990,72.9203800
2024-12-03,13:55:29,19.0499870,72.9203860
2024-12-03,13:55:30,19.0499570,72.9203910
2024-12-03,13:55:31,19.0499290,72.9203990
2024-12-03,13:55:32,19.0498990,72.9203940
2024-12-03,13:55:33,19.0498660,72.9204010
2024-12-03,13:55:34,19.0498510,72.9204020
2024-12-03,13:55:35,19.0498180,72.9203980
2024-12-03,13:55:36,19.0497780,72.9204050
2024-12-03,13:55:37,19.0497600,72.9204030
2024-12-03,13:55:38,19.0497180,72.9204040
2024-12-03,13:55:39,19.0497000,72.9204020
2024-12-03,13:55:40,19.0496570,72.9203940
2024-12-03,13:55:41,19.0496310,72.9203830
2024-12-03,13:55:42,19.0495980,72.9203890
2024-12-03,13:55:43,19.0495860,72.9203890
2024-12-03,13:55:44,19.0495580,72.9204000
2024-12-03,13:55:45,19.0495490,72.9204100
2024-12-03,13:55:46,19.0495170,72.9204140
2024-12-03,13:55:47,19.0495040,72.9204160
2024-12-03,13:55:48,19.0494340,72.9203980
2024-12-03,13:55:49,19.0493920,72.9203860
2024-12-03,13:55:50,19.0493740,72.9203830
2024-12-03,13:55:51,19.0493370,72.9203770
2024-12-03,13:55:52,19.0492960,72.9203770
2024-12-03,13:55:53,19.0492540,72.9203660
2024-12-03,13:55:54,19.0492050,72.9203400
2024-12-03,13:55:55,19.0491570,72.9203220
2024-12-03,13:55:56,19.0491150,72.9203160
2024-12-03,13:55:57,19.0490740,72.9203170
2024-12-03,13:55:58,19.0490320,72.9203160
2024-12-03,13:55:59,19.0489900,72.9203140
2024-12-03,13:56:00,19.0489510,72.9203160
2024-12-03,13:56:01,19.0489120,72.9203190
2024-12-03,13:56:02,19.0488710,72.9203180
2024-12-03,13:56:03,19.0488680,72.9203270
2024-12-03,13:56:04,19.0488550,72.9203480
2024-12-03,13:56:05,19.0488190,72.9203520
2024-12-03,13:56:06,19.0487930,72.9203410
2024-12-03,13:56:07,19.0487510,72.9203360
2024-12-03,13:56:08,19.0487110,72.9203370
2024-12-03,13:56:09,19.0486740,72.9203420
2024-12-03,13:56:10,19.0486260,72.9203410
2024-12-03,13:56:11,19.0486480,72.9203700
2024-12-03,13:56:12,19.0486240,72.9203650
2024-12-03,13:56:13,19.0486140,72.9203620
2024-12-03,13:56:14,19.0485380,72.9203670
2024-12-03,13:56:15,19.0484760,72.9203710
2024-12-03,13:56:16,19.0484310,72.9203660
2024-12-03,13:56:17,19.0483830,72.9203680
2024-12-03,13:56:18,19.0482640,72.9201470
2024-12-03,13:56:19,19.0482350,72.9201150
2024-12-03,13:56:20,19.0482040,72.9200780
2024-12-03,13:56:21,19.0481720,72.9200620
2024-12-03,13:56:22,19.0480240,72.9201370
2024-12-03,13:56:23,19.0479920,72.9201330
2024-12-03,13:56:24,19.0479620,72.9201080
2024-12-03,13:56:25,19.0479220,72.9200870
2024-12-03,13:56:26,19.0478830,72.9200700
2024-12-03,13:56:27,19.0478470,72.9200590
2024-12-03,13:56:28,19.0478090,72.9200380
2024-12-03,13:56:29,19.0477660,72.9200190
2024-12-03,13:56:30,19.0477210,72.9199900
2024-12-03,13:56:31,19.0476770,72.9199600
2024-12-03,13:56:32,19.0476330,72.9199320
2024-12-03,13:56:33,19.0475890,72.9199020
2024-12-03,13:56:34,19.0475460,72.9198770
2024-12-03,13:56:35,19.0475000,72.9198560
2024-12-03,13:56:36,19.0474570,72.9198280
2024-12-03,13:56:37,19.0474120,72.9198110
2024-12-03,13:56:38,19.0473720,72.9197890
2024-12-03,13:56:39,19.0473340,72.9197590
2024-12-03,13:56:40,19.0472890,72.9197420
2024-12-03,13:56:41,19.0471870,72.9198030
2024-12-03,13:56:42,19.0471210,72.9198190
2024-12-03,13:56:43,19.0471520,72.9197250
2024-12-03,13:56:44,19.0471170,72.9197080
2024-12-03,13:56:45,19.0470770,72.9196940
2024-12-03,13:56:46,19.0470410,72.9196760
2024-12-03,13:56:47,19.0470080,72.9196520
2024-12-03,13:56:48,19.0469960,72.9196490
2024-12-03,13:56:49,19.0469780,72.9196380
2024-12-03,13:56:50,19.0469790,72.9196740
2024-12-03,13:56:51,19.0469990,72.9197200
2024-12-03,13:56:52,19.0469660,72.9197050
2024-12-03,13:56:53,19.0469530,72.9197000
2024-12-03,13:56:54,19.0469180,72.9196870
2024-12-03,13:56:55,19.0468810,72.9196740
2024-12-03,13:56:56,19.0468480,72.9196640
2024-12-03,13:56:57,19.0468110,72.9196550
2024-12-03,13:56:58,19.0467460,72.9196280
2024-12-03,13:56:59,19.0466810,72.9196010
2024-12-03,13:57:00,19.0466160,72.9195680
2024-12-03,13:57:01,19.0465480,72.9195330
2024-12-03,13:57:02,19.0464890,72.9194990
2024-12-03,13:57:03,19.0464400,72.9194690
2024-12-03,13:57:04,19.0464020,72.9194450
2024-12-03,13:57:05,19.0463740,72.9194280
2024-12-03,13:57:06,19.0463410,72.9194060
2024-12-03,13:57:07,19.0463230,72.9193900
2024-12-03,13:57:08,19.0463120,72.9193790
2024-12-03,13:57:09,19.0463010,72.9193690
2024-12-03,13:57:10,19.0462660,72.9193470
2024-12-03,13:57:11,19.0462410,72.9193290
2024-12-03,13:57:12,19.0462060,72.9192990
2024-12-03,13:57:13,19.0461670,72.9192590
2024-12-03,13:57:14,19.0461230,72.9192170
2024-12-03,13:57:15,19.0460740,72.9191730
2024-12-03,13:57:16,19.0460280,72.9191340
2024-12-03,13:57:17,19.0459810,72.9190940
2024-12-03,13:57:18,19.0459480,72.9190620
2024-12-03,13:57:19,19.0459100,72.9190280
2024-12-03,13:57:20,19.0458560,72.9189710
2024-12-03,13:57:21,19.0458050,72.9189240
2024-12-03,13:57:22,19.0457590,72.9188790
2024-12-03,13:57:23,19.0457110,72.9188360
2024-12-03,13:57:24,19.0456730,72.9188020
2024-12-03,13:57:25,19.0456450,72.9187810
2024-12-03,13:57:26,19.0456320,72.9187700
2024-12-03,13:57:27,19.0456210,72.9187600
2024-12-03,13:57:28,19.0455990,72.9187500
2024-12-03,13:57:29,19.0455880,72.9187450
2024-12-03,13:57:30,19.0455920,72.9187500
2024-12-03,13:57:31,19.0455870,72.9187490
2024-12-03,13:57:32,19.0455850,72.9187480
2024-12-03,13:57:33,19.0455790,72.9187460
2024-12-03,13:57:34,19.0455750,72.9187460
2024-12-03,13:57:35,19.0455760,72.9187460
2024-12-03,13:57:36,19.0455630,72.9187400
2024-12-03,13:57:37,19.0455540,72.9187370
2024-12-03,13:57:38,19.0455450,72.9187310
2024-12-03,13:57:39,19.0455430,72.9187270
2024-12-03,13:57:40,19.0455410,72.9187250
2024-12-03,13:57:41,19.0455330,72.9187150
2024-12-03,13:57:42,19.0455080,72.9186810
2024-12-03,13:57:43,19.0455000,72.9186690
2024-12-03,13:57:44,19.0454740,72.9186460
2024-12-03,13:57:45,19.0454630,72.9186380
2024-12-03,13:57:46,19.0454230,72.9186140
2024-12-03,13:57:47,19.0454070,72.9186040
2024-12-03,13:57:48,19.0453740,72.9185760
2024-12-03,13:57:49,19.0453460,72.9185530
2024-12-03,13:57:50,19.0453340,72.9185670
2024-12-03,13:57:51,19.0453130,72.9185610
2024-12-03,13:57:52,19.0452820,72.9185390
2024-12-03,13:57:53,19.0452420,72.9185090
2024-12-03,13:57:54,19.0452110,72.9184960
2024-12-03,13:57:55,19.0451900,72.9184750
2024-12-03,13:57:56,19.0451440,72.9184490
2024-12-03,13:57:57,19.0450950,72.9184240
2024-12-03,13:57:58,19.0450500,72.9183970
2024-12-03,13:57:59,19.0450060,72.9183670
2024-12-03,13:58:00,19.0449670,72.9183500
2024-12-03,13:58:01,19.0449260,72.9183290
2024-12-03,13:58:02,19.0448840,72.9183310
2024-12-03,13:58:03,19.0448670,72.9183320
2024-12-03,13:58:04,19.0448390,72.9183230
2024-12-03,13:58:05,19.0448270,72.9183200
2024-12-03,13:58:06,19.0448100,72.9183180
2024-12-03,13:58:07,19.0447970,72.9183260
2024-12-03,13:58:08,19.0447760,72.9183500
2024-12-03,13:58:09,19.0447650,72.9183600
2024-12-03,13:58:10,19.0447520,72.9183880
2024-12-03,13:58:11,19.0447330,72.9184390
2024-12-03,13:58:12,19.0447250,72.9184930
2024-12-03,13:58:13,19.0447100,72.9185470
2024-12-03,13:58:14,19.0446950,72.9185960
2024-12-03,13:58:15,19.0446710,72.9186470
2024-12-03,13:58:16,19.0446600,72.9187150
2024-12-03,13:58:17,19.0446520,72.9187920
2024-12-03,13:58:18,19.0446330,72.9188720
2024-12-03,13:58:19,19.0446090,72.9189450
2024-12-03,13:58:20,19.0445890,72.9190160
2024-12-03,13:58:21,19.0445690,72.9190910
2024-12-03,13:58:22,19.0445480,72.9191710
2024-12-03,13:58:23,19.0445210,72.9192620
2024-12-03,13:58:24,19.0445010,72.9193590
2024-12-03,13:58:25,19.0444840,72.9194530
2024-12-03,13:58:26,19.0444580,72.9195470
2024-12-03,13:58:27,19.0444350,72.9196420
2024-12-03,13:58:28,19.0444080,72.9197400
2024-12-03,13:58:29,19.0443830,72.9198390
2024-12-03,13:58:30,19.0443570,72.9199370
2024-12-03,13:58:31,19.0443300,72.9200380
2024-12-03,13:58:32,19.0442990,72.9201420
2024-12-03,13:58:33,19.0442710,72.9202460
2024-12-03,13:58:34,19.0442420,72.9203560
2024-12-03,13:58:35,19.0442030,72.9204620
2024-12-03,13:58:36,19.0441540,72.9205760
2024-12-03,13:58:37,19.0441330,72.9206700
2024-12-03,13:58:38,19.0441060,72.9207750
2024-12-03,13:58:39,19.0440780,72.9208800
2024-12-03,13:58:40,19.0440460,72.9209830
2024-12-03,13:58:41,19.0440150,72.9210850
2024-12-03,13:58:42,19.0439830,72.9211910
2024-12-03,13:58:43,19.0439560,72.9212900
2024-12-03,13:58:44,19.0439290,72.9213940
2024-12-03,13:58:45,19.0438990,72.9214940
2024-12-03,13:58:46,19.0438670,72.9215970
2024-12-03,13:58:47,19.0438410,72.9216950
2024-12-03,13:58:48,19.0438170,72.9217850
2024-12-03,13:58:49,19.0437920,72.9218710
2024-12-03,13:58:50,19.0437670,72.9219540
2024-12-03,13:58:51,19.0437430,72.9220350
2024-12-03,13:58:52,19.0437190,72.9221150
2024-12-03,13:58:53,19.0437040,72.9221850
2024-12-03,13:58:54,19.0436830,72.9222590
2024-12-03,13:58:55,19.0436650,72.9223300
2024-12-03,13:58:56,19.0436460,72.9223960
2024-12-03,14:58:05,19.0478710,72.9097140
2024-12-03,14:58:06,19.0478960,72.9097260
2024-12-03,14:58:07,19.0479480,72.9097390
2024-12-03,14:58:08,19.0479970,72.9097490
2024-12-03,14:58:09,19.0480440,72.9097600
2024-12-03,14:58:10,19.0480840,72.9097730
2024-12-03,14:58:11,19.0481140,72.9097750
2024-12-03,14:58:12,19.0481410,72.9097810
2024-12-03,14:58:13,19.0481680,72.9097890
2024-12-03,14:58:14,19.0482000,72.9098000
2024-12-03,14:58:15,19.0482140,72.9098040
2024-12-03,14:58:16,19.0482570,72.9098160
2024-12-03,14:58:17,19.0483070,72.9098340
2024-12-03,14:58:18,19.0483510,72.9098500
2024-12-03,14:58:19,19.0483990,72.9098580
2024-12-03,14:58:20,19.0484660,72.9098730
2024-12-03,14:58:21,19.0485310,72.9098900
2024-12-03,14:58:22,19.0485960,72.9099070
2024-12-03,14:58:23,19.0486610,72.9099240
2024-12-03,14:58:24,19.0487240,72.9099400
2024-12-03,14:58:25,19.0487850,72.9099570
2024-12-03,14:58:26,19.0488490,72.9099720
2024-12-03,14:58:27,19.0489110,72.9099900
2024-12-03,14:58:28,19.0489690,72.9100040
2024-12-03,14:58:29,19.0490280,72.9100260
2024-12-03,14:58:30,19.0490850,72.9100450
2024-12-03,14:58:31,19.0491520,72.9100690
2024-12-03,14:58:32,19.0492280,72.9100960
2024-12-03,14:58:33,19.0493130,72.9101240
2024-12-03,14:58:34,19.0493940,72.9101520
2024-12-03,14:58:35,19.0494710,72.9101740
2024-12-03,14:58:36,19.0495540,72.9102000
2024-12-03,14:58:37,19.0496430,72.9102280
2024-12-03,14:58:38,19.0497330,72.9102560
2024-12-03,14:58:39,19.0498430,72.9102930
2024-12-03,14:58:40,19.0499600,72.9103200
2024-12-03,14:58:41,19.0500530,72.9103390
2024-12-03,14:58:42,19.0501530,72.9103650
2024-12-03,14:58:43,19.0502450,72.9103880
2024-12-03,14:58:44,19.0503350,72.9104060
2024-12-03,14:58:45,19.0504240,72.9104200
2024-12-03,14:58:46,19.0505180,72.9104300
2024-12-03,14:58:47,19.0506130,72.9104420
2024-12-03,14:58:48,19.0507090,72.9104520
2024-12-03,14:58:49,19.0508000,72.9104680
2024-12-03,14:58:50,19.0508890,72.9104750
2024-12-03,14:58:51,19.0509760,72.9104700
2024-12-03,14:58:52,19.0510590,72.9104680
2024-12-03,14:58:53,19.0511380,72.9104710
2024-12-03,14:58:54,19.0512160,72.9104800
2024-12-03,14:58:55,19.0512790,72.9104860
2024-12-03,14:58:56,19.0513390,72.9104900
2024-12-03,14:58:57,19.0513960,72.9104940
2024-12-03,14:58:58,19.0514530,72.9104970
2024-12-03,14:58:59,19.0515060,72.9104980
2024-12-03,14:59:00,19.0515650,72.9105070
2024-12-03,14:59:01,19.0516030,72.9105160
2024-12-03,14:59:02,19.0516800,72.9105120
2024-12-03,14:59:03,19.0517400,72.9105130
2024-12-03,14:59:04,19.0518010,72.9105180
2024-12-03,14:59:05,19.0518610,72.9105240
2024-12-03,14:59:06,19.0519120,72.9105240
2024-12-03,14:59:07,19.0519680,72.9105250
2024-12-03,14:59:08,19.0520270,72.9105260
2024-12-03,14:59:09,19.0520830,72.9105340
2024-12-03,14:59:10,19.0521300,72.9105380
2024-12-03,14:59:11,19.0521790,72.9105450
2024-12-03,14:59:12,19.0522390,72.9105530
2024-12-03,14:59:13,19.0523030,72.9105640
2024-12-03,14:59:14,19.0523810,72.9105700
2024-12-03,14:59:15,19.0524520,72.9105690
2024-12-03,14:59:16,19.0525100,72.9105700
2024-12-03,14:59:17,19.0525740,72.9105740
2024-12-03,14:59:18,19.0526440,72.9105780
2024-12-03,14:59:19,19.0527040,72.9105830
2024-12-03,14:59:20,19.0527810,72.9105880
2024-12-03,14:59:21,19.0528440,72.9105910
2024-12-03,14:59:22,19.0529100,72.9105990
2024-12-03,14:59:23,19.0529750,72.9106030
2024-12-03,14:59:24,19.0530420,72.9106090
2024-12-03,14:59:25,19.0531050,72.9106150
2024-12-03,14:59:26,19.0531660,72.9106200
2024-12-03,14:59:27,19.0532270,72.9106230
2024-12-03,14:59:28,19.0532880,72.9106270
2024-12-03,14:59:29,19.0533430,72.9106350
2024-12-03,14:59:30,19.0533990,72.9106420
2024-12-03,14:59:31,19.0534440,72.9106510
2024-12-03,14:59:32,19.0534820,72.9106610
2024-12-03,14:59:33,19.0535140,72.9106680
2024-12-03,14:59:34,19.0535480,72.9106740
2024-12-03,14:59:35,19.0535860,72.9106770
2024-12-03,14:59:36,19.0536190,72.9106800
2024-12-03,14:59:37,19.0536620,72.9106860
2024-12-03,14:59:38,19.0537040,72.9106920
2024-12-03,14:59:39,19.0537480,72.9106980
2024-12-03,14:59:40,19.0537930,72.9107090
2024-12-03,14:59:41,19.0538330,72.9107170
2024-12-03,14:59:42,19.0538700,72.9107230
2024-12-03,14:59:43,19.0539120,72.9107300
2024-12-03,14:59:44,19.0539540,72.9107390
2024-12-03,14:59:45,19.0539980,72.9107490
2024-12-03,14:59:46,19.0540400,72.9107600
2024-12-03,14:59:47,19.0540830,72.9107710
2024-12-03,14:59:48,19.0541280,72.9107800
2024-12-03,14:59:49,19.0541680,72.9107870
2024-12-03,14:59:50,19.0541970,72.9107920
2024-12-03,14:59:51,19.0542260,72.9108000
2024-12-03,14:59:52,19.0542370,72.9108030
2024-12-03,14:59:53,19.0542750,72.9108070
2024-12-03,14:59:54,19.0542880,72.9108110
2024-12-03,14:59:55,19.0543140,72.9108180
2024-12-03,14:59:56,19.0543450,72.9108270
2024-12-03,14:59:57,19.0543760,72.9108350
2024-12-03,14:59:58,19.0544070,72.9108420
2024-12-03,14:59:59,19.0544380,72.9108480
2024-12-03,15:00:00,19.0544680,72.9108530
2024-12-03,15:00:01,19.0544960,72.9108570
2024-12-03,15:00:02,19.0545380,72.9108630
2024-12-03,15:00:03,19.0545520,72.9108660
2024-12-03,15:00:04,19.0545750,72.9108700
2024-12-03,15:00:05,19.0545880,72.9108720
2024-12-03,15:00:06,19.0546030,72.9108740
2024-12-03,15:00:07,19.0546190,72.9108780
2024-12-03,15:00:08,19.0546340,72.9108800
2024-12-03,15:00:09,19.0546400,72.9108810
2024-12-03,15:00:10,19.0546470,72.9108820
2024-12-03,15:00:11,19.0546610,72.9108820
2024-12-03,15:00:12,19.0546790,72.9108820
2024-12-03,15:00:13,19.0547130,72.9108810
2024-12-03,15:00:14,19.0547230,72.9108820
2024-12-03,15:00:15,19.0547420,72.9108890
2024-12-03,15:00:16,19.0547490,72.9108940
2024-12-03,15:00:17,19.0547570,72.9108990
2024-12-03,15:00:18,19.0547640,72.9109040
2024-12-03,15:00:19,19.0547720,72.9109090
2024-12-03,15:00:20,19.0547800,72.9109140
2024-12-03,15:00:21,19.0547870,72.9109180
2024-12-03,15:00:22,19.0547950,72.9109230
2024-12-03,15:00:23,19.0548030,72.9109280
2024-12-03,15:00:24,19.0548100,72.9109330
2024-12-03,15:00:25,19.0548180,72.9109380
2024-12-03,15:01:20,19.0548250,72.9109430
2024-12-03,15:01:21,19.0548330,72.9109480
2024-12-03,15:01:22,19.0548640,72.9109560
2024-12-03,15:01:23,19.0548910,72.9109660
2024-12-03,15:01:24,19.0549200,72.9109690
2024-12-03,15:01:25,19.0549510,72.9109660
2024-12-03,15:01:26,19.0549820,72.9109570
2024-12-03,15:01:27,19.0550140,72.9109430
2024-12-03,15:01:28,19.0550490,72.9109400
2024-12-03,15:01:29,19.0550830,72.9109270
2024-12-03,15:01:30,19.0551080,72.9109010
2024-12-03,15:01:31,19.0551400,72.9108610
2024-12-03,15:01:32,19.0551570,72.9108370
2024-12-03,15:01:33,19.0551870,72.9108060
2024-12-03,15:01:34,19.0552170,72.9107680
2024-12-03,15:01:35,19.0552440,72.9107350
2024-12-03,15:01:36,19.0552650,72.9107110
2024-12-03,15:01:37,19.0552840,72.9106900
2024-12-03,15:01:38,19.0552900,72.9106830
2024-12-03,15:01:39,19.0553010,72.9106700
2024-12-03,15:01:40,19.0553120,72.9106580
2024-12-03,15:01:41,19.0553220,72.9106460
2024-12-03,15:01:42,19.0553320,72.9106340
2024-12-03,15:01:43,19.0553420,72.9106230
2024-12-03,15:01:44,19.0553530,72.9106120
2024-12-03,15:01:45,19.0553620,72.9106040
2024-12-03,15:01:46,19.0553620,72.9106060
2024-12-03,15:01:47,19.0553600,72.9106060
2024-12-03,15:01:48,19.0553590,72.9106070
2024-12-03,15:01:49,19.0553590,72.9106070
2024-12-03,15:01:50,19.0553590,72.9106070
2024-12-03,15:01:51,19.0553620,72.9106060
2024-12-03,15:01:52,19.0553710,72.9105980
2024-12-03,15:01:53,19.0553730,72.9105950
2024-12-03,15:01:54,19.0553720,72.9105960
2024-12-03,15:01:55,19.0553720,72.9105960
2024-12-03,15:01:56,19.0553720,72.9105960
2024-12-03,15:01:57,19.0553720,72.9105960
2024-12-03,15:01:58,19.0553720,72.9105960
2024-12-03,15:01:59,19.0553720,72.9105960
2024-12-03,15:02:00,19.0553720,72.9105960
2024-12-03,15:02:01,19.0553720,72.9105960
2024-12-03,15:02:02,19.0553720,72.9105960
2024-12-03,15:02:04,19.0554240,72.9105530
2024-12-03,15:02:05,19.0554370,72.9105400
2024-12-03,15:02:06,19.0554600,72.9105220
2024-12-03,15:02:07,19.0554690,72.9105140
2024-12-03,15:02:08,19.0554940,72.9104920
2024-12-03,15:02:09,19.0555170,72.9104680
2024-12-03,15:02:10,19.0555420,72.9104450
2024-12-03,15:02:11,19.0555670,72.9104220
2024-12-03,15:02:12,19.0555940,72.9104030
2024-12-03,15:02:13,19.0556120,72.9103950
2024-12-03,15:02:14,19.0556210,72.9103890
2024-12-03,15:02:15,19.0556280,72.9103850
2024-12-03,15:02:16,19.0556320,72.9103810
2024-12-03,15:02:17,19.0556410,72.9103790
2024-12-03,15:02:18,19.0556520,72.9103730
2024-12-03,15:02:19,19.0556650,72.9103650
2024-12-03,15:02:20,19.0556810,72.9103560
2024-12-03,15:02:21,19.0557020,72.9103450
2024-12-03,15:02:22,19.0557080,72.9103410
2024-12-03,15:02:23,19.0557150,72.9103370
2024-12-03,15:02:24,19.0557230,72.9103320
2024-12-03,15:02:25,19.0557330,72.9103270
2024-12-03,15:02:26,19.0557420,72.9103220
2024-12-03,15:02:27,19.0557460,72.9103200
2024-12-03,15:02:28,19.0557690,72.9103070
2024-12-03,15:02:29,19.0557930,72.9102950
2024-12-03,15:02:30,19.0558020,72.9102890
2024-12-03,15:02:31,19.0558340,72.9102750
2024-12-03,15:02:32,19.0558440,72.9102700
2024-12-03,15:02:33,19.0558620,72.9102620
2024-12-03,15:02:34,19.0558740,72.9102580
2024-12-03,15:02:35,19.0558890,72.9102530
2024-12-03,15:02:36,19.0558940,72.9102500
2024-12-03,15:02:37,19.0559000,72.9102480
2024-12-03,15:02:38,19.0559050,72.9102450
2024-12-03,15:02:39,19.0559100,72.9102430
2024-12-03,15:02:40,19.0559370,72.9102340
2024-12-03,15:02:41,19.0559450,72.9102310
2024-12-03,15:02:42,19.0559620,72.9102260
2024-12-03,15:02:43,19.0559740,72.9102210
2024-12-03,15:02:44,19.0560010,72.9102140
2024-12-03,15:02:45,19.0560100,72.9102110
2024-12-03,15:02:46,19.0560430,72.9101990
2024-12-03,15:02:47,19.0560530,72.9101940
2024-12-03,15:02:48,19.0560820,72.9101840
2024-12-03,15:02:49,19.0560900,72.9101820
2024-12-03,15:02:50,19.0561170,72.9101740
2024-12-03,15:02:51,19.0561260,72.9101710
2024-12-03,15:02:52,19.0561450,72.9101600
2024-12-03,15:02:53,19.0561550,72.9101570
2024-12-03,15:02:54,19.0561650,72.9101530
2024-12-03,15:02:55,19.0561970,72.9101400
2024-12-03,15:02:56,19.0562080,72.9101360
2024-12-03,15:02:57,19.0562380,72.9101250
2024-12-03,15:02:58,19.0562480,72.9101210
2024-12-03,15:02:59,19.0562580,72.9101170
2024-12-03,15:03:00,19.0562660,72.9101130
2024-12-03,15:03:01,19.0562760,72.9101090
2024-12-03,15:03:02,19.0562880,72.9101040
2024-12-03,15:03:03,19.0563000,72.9100960
2024-12-03,15:03:04,19.0563300,72.9100790
2024-12-03,15:03:05,19.0563410,72.9100730
2024-12-03,15:03:06,19.0563710,72.9100600
2024-12-03,15:03:07,19.0563990,72.9100480
2024-12-03,15:03:08,19.0564260,72.9100340
2024-12-03,15:03:09,19.0564520,72.9100200
2024-12-03,15:03:10,19.0564720,72.9100050
2024-12-03,15:03:12,19.0564890,72.9099940
2024-12-03,15:03:13,19.0565040,72.9099840
2024-12-03,15:03:14,19.0565190,72.9099750
2024-12-03,15:03:15,19.0565320,72.9099660
2024-12-03,15:03:16,19.0565450,72.9099580
2024-12-03,15:03:17,19.0565570,72.9099490
2024-12-03,15:03:18,19.0565690,72.9099400
2024-12-03,15:03:19,19.0565830,72.9099310
2024-12-03,15:03:20,19.0565930,72.9099230
2024-12-03,15:03:21,19.0566080,72.9099140
2024-12-03,15:03:22,19.0566220,72.9099070
2024-12-03,15:03:23,19.0566570,72.9098860
2024-12-03,15:03:24,19.0566700,72.9098770
2024-12-03,15:03:25,19.0567040,72.9098540
2024-12-03,15:03:26,19.0567620,72.9098150
2024-12-03,15:03:27,19.0567970,72.9097910
2024-12-03,15:03:28,19.0568360,72.9097650
2024-12-03,15:03:29,19.0568750,72.9097390
2024-12-03,15:03:30,19.0569120,72.9097120
2024-12-03,15:03:31,19.0569490,72.9096860
2024-12-03,15:03:32,19.0569840,72.9096590
2024-12-03,15:03:33,19.0570170,72.9096320
2024-12-03,15:03:34,19.0570520,72.9096030
2024-12-03,15:03:35,19.0570830,72.9095740
2024-12-03,15:03:36,19.0571080,72.9095450
2024-12-03,15:03:37,19.0571320,72.9095240
2024-12-03,15:03:38,19.0571490,72.9095110
2024-12-03,15:03:39,19.0571530,72.9095060
2024-12-03,15:03:40,19.0571590,72.9095010
2024-12-03,15:03:41,19.0571630,72.9094960
2024-12-03,15:03:42,19.0571710,72.9094880
2024-12-03,15:03:43,19.0571830,72.9094740
2024-12-03,15:03:44,19.0572060,72.9094490
2024-12-03,15:03:45,19.0572140,72.9094380
2024-12-03,15:03:46,19.0572370,72.9094150
2024-12-03,15:03:47,19.0572610,72.9093890
2024-12-03,15:03:48,19.0572860,72.9093640
2024-12-03,15:03:49,19.0573150,72.9093350
2024-12-03,15:03:50,19.0573420,72.9093110
2024-12-03,15:03:51,19.0573660,72.9092850
2024-12-03,15:03:52,19.0573920,72.9092570
2024-12-03,15:03:53,19.0574180,72.9092310
2024-12-03,15:03:54,19.0574400,72.9092120
2024-12-03,15:03:55,19.0574620,72.9091920
2024-12-03,15:03:56,19.0574840,72.9091750
2024-12-03,15:03:57,19.0575070,72.9091530
2024-12-03,15:03:58,19.0575300,72.9091260
2024-12-03,15:03:59,19.0575520,72.9090920
2024-12-03,15:04:00,19.0575780,72.9090590
2024-12-03,15:04:01,19.0576090,72.9090280
2024-12-03,15:04:02,19.0576450,72.9089980
2024-12-03,15:04:03,19.0576790,72.9089590
2024-12-03,15:04:04,19.0577130,72.9089280
2024-12-03,15:04:05,19.0577480,72.9088960
2024-12-03,15:04:06,19.0577830,72.9088610
2024-12-03,15:04:07,19.0578150,72.9088280
2024-12-03,15:04:08,19.0578470,72.9087930
2024-12-03,15:04:09,19.0578810,72.9087580
2024-12-03,15:04:10,19.0579160,72.9087240
2024-12-03,15:04:11,19.0579500,72.9086900
2024-12-03,15:04:12,19.0579840,72.9086550
2024-12-03,15:04:13,19.0580160,72.9086240
2024-12-03,15:04:14,19.0580450,72.9085920
2024-12-03,15:04:15,19.0580710,72.9085620
2024-12-03,15:04:16,19.0581000,72.9085320
2024-12-03,15:04:17,19.0581310,72.9085020
2024-12-03,15:04:18,19.0581610,72.9084700
2024-12-03,15:04:19,19.0581920,72.9084350
2024-12-03,15:04:20,19.0582230,72.9084020
2024-12-03,15:04:21,19.0582540,72.9083660
2024-12-03,15:04:22,19.0582860,72.9083330
2024-12-03,15:04:23,19.0583030,72.9082880
2024-12-03,15:04:24,19.0583220,72.9082580
2024-12-03,15:04:25,19.0583440,72.9082390
2024-12-03,15:04:26,19.0583690,72.9082050
2024-12-03,15:04:27,19.0583780,72.9081940
2024-12-03,15:04:28,19.0583980,72.9081720
2024-12-03,15:04:29,19.0584270,72.9081460
2024-12-03,15:04:30,19.0584530,72.9081170
2024-12-03,15:04:31,19.0584730,72.9080900
2024-12-03,15:04:32,19.0584940,72.9080670
2024-12-03,15:04:33,19.0585020,72.9080580
2024-12-03,15:04:34,19.0585280,72.9080290
2024-12-03,15:04:35,19.0585390,72.9080160
2024-12-03,15:04:36,19.0585700,72.9079860
2024-12-03,15:04:37,19.0585950,72.9079590
2024-12-03,15:04:38,19.0586220,72.9079310
2024-12-03,15:04:39,19.0586480,72.9079000
2024-12-03,15:04:40,19.0586740,72.9078690
2024-12-03,15:04:41,19.0587050,72.9078390
2024-12-03,15:04:42,19.0587390,72.9078060
2024-12-03,15:04:43,19.0587720,72.9077740
2024-12-03,15:04:44,19.0588060,72.9077410
2024-12-03,15:04:45,19.0588380,72.9077070
2024-12-03,15:04:46,19.0588710,72.9076750
2024-12-03,15:04:47,19.0589030,72.9076420
2024-12-03,15:04:48,19.0589350,72.9076100
2024-12-03,15:04:49,19.0589670,72.9075760
2024-12-03,15:04:50,19.0589990,72.9075480
2024-12-03,15:04:51,19.0590270,72.9075160
2024-12-03,15:04:52,19.0590520,72.9074810
2024-12-03,15:04:53,19.0590760,72.9074470
2024-12-03,15:04:54,19.0590940,72.9074180
2024-12-03,15:04:55,19.0591000,72.9074090
2024-12-03,15:04:56,19.0591240,72.9073790
2024-12-03,15:04:57,19.0591330,72.9073660
2024-12-03,15:04:58,19.0591490,72.9073300
2024-12-03,15:04:59,19.0591650,72.9072990
2024-12-03,15:05:00,19.0591820,72.9072630
2024-12-03,15:05:01,19.0592000,72.9072250
2024-12-03,15:05:02,19.0592180,72.9071910
2024-12-03,15:05:03,19.0592300,72.9071650
2024-12-03,15:05:04,19.0592460,72.9071310
2024-12-03,15:05:05,19.0592650,72.9070960
2024-12-03,15:05:06,19.0592820,72.9070620
2024-12-03,15:05:07,19.0593020,72.9070180
2024-12-03,15:05:08,19.0593200,72.9069750
2024-12-03,15:05:09,19.0593360,72.9069340
2024-12-03,15:05:10,19.0593450,72.9069010
2024-12-03,15:05:11,19.0593570,72.9068640
2024-12-03,15:05:12,19.0593740,72.9068320
2024-12-03,15:05:13,19.0593930,72.9068010
2024-12-03,15:05:14,19.0594110,72.9067750
2024-12-03,15:05:15,19.0594240,72.9067410
2024-12-03,15:05:16,19.0594390,72.9067000
2024-12-03,15:05:17,19.0594570,72.9066530
2024-12-03,15:05:18,19.0594780,72.9066060
2024-12-03,15:05:19,19.0594990,72.9065590
2024-12-03,15:05:20,19.0595200,72.9065100
2024-12-03,15:05:21,19.0595440,72.9064600
2024-12-03,15:05:22,19.0595660,72.9064130
2024-12-03,15:05:23,19.0595890,72.9063640
2024-12-03,15:05:24,19.0596110,72.9063150
2024-12-03,15:05:25,19.0596370,72.9062640
2024-12-03,15:05:26,19.0596590,72.9062180
2024-12-03,15:05:27,19.0596810,72.9061730
2024-12-03,15:05:28,19.0597020,72.9061270
2024-12-03,15:05:29,19.0597250,72.9060790
2024-12-03,15:05:30,19.0597490,72.9060300
2024-12-03,15:05:31,19.0597730,72.9059790
2024-12-03,15:05:32,19.0597990,72.9059300
2024-12-03,15:05:33,19.0598210,72.9058800
2024-12-03,15:05:34,19.0598420,72.9058270
2024-12-03,15:05:35,19.0598630,72.9057760
2024-12-03,15:05:36,19.0598850,72.9057250
2024-12-03,15:05:37,19.0599000,72.9056840
2024-12-03,15:05:38,19.0599110,72.9056580
2024-12-03,15:05:39,19.0599180,72.9056410
2024-12-03,15:05:40,19.0599250,72.9056240
2024-12-03,15:05:41,19.0599430,72.9055860
2024-12-03,15:05:42,19.0599500,72.9055690
2024-12-03,15:05:43,19.0599650,72.9055350
2024-12-03,15:05:44,19.0599830,72.9054990
2024-12-03,15:05:45,19.0599980,72.9054640
2024-12-03,15:05:46,19.0600140,72.9054310
2024-12-03,15:05:47,19.0600280,72.9054010
2024-12-03,15:05:48,19.0600420,72.9053710
2024-12-03,15:05:49,19.0600530,72.9053440
2024-12-03,15:05:50,19.0600600,72.9053300
2024-12-03,15:05:51,19.0600690,72.9053140
2024-12-03,15:05:52,19.0600840,72.9052830
2024-12-03,15:05:53,19.0600910,72.9052690
2024-12-03,15:05:54,19.0601070,72.9052350
2024-12-03,15:05:55,19.0601210,72.9052030
2024-12-03,15:05:56,19.0601350,72.9051710
2024-12-03,15:05:57,19.0601530,72.9051350
2024-12-03,15:05:58,19.0601730,72.9050940
2024-12-03,15:05:59,19.0601950,72.9050500
2024-12-03,15:06:00,19.0602140,72.9050060
2024-12-03,15:06:01,19.0602350,72.9049590
2024-12-03,15:06:02,19.0602580,72.9049100
2024-12-03,15:06:03,19.0602760,72.9048580
2024-12-03,15:06:04,19.0603000,72.9048100
2024-12-03,15:06:05,19.0603220,72.9047590
2024-12-03,15:06:06,19.0603370,72.9047150
2024-12-03,15:06:07,19.0603540,72.9046720
2024-12-03,15:06:08,19.0603700,72.9046320
2024-12-03,15:06:09,19.0603940,72.9045990
2024-12-03,15:06:10,19.0604130,72.9045610
2024-12-03,15:06:11,19.0604300,72.9045230
2024-12-03,15:06:12,19.0604500,72.9044870
2024-12-03,15:06:13,19.0604680,72.9044530
2024-12-03,15:06:14,19.0604840,72.9044130
2024-12-03,15:06:15,19.0605010,72.9043760
2024-12-03,15:06:16,19.0605180,72.9043410
2024-12-03,15:06:17,19.0605300,72.9043010
2024-12-03,15:06:18,19.0605400,72.9042620
2024-12-03,15:06:19,19.0605530,72.9042240
2024-12-03,15:06:20,19.0605690,72.9041890
2024-12-03,15:06:21,19.0605940,72.9041530
2024-12-03,15:06:22,19.0606130,72.9041170
2024-12-03,15:06:23,19.0606320,72.9040800
2024-12-03,15:06:24,19.0606500,72.9040420
2024-12-03,15:06:25,19.0606690,72.9040040
2024-12-03,15:06:26,19.0606890,72.9039650
2024-12-03,15:06:27,19.0607080,72.9039230
2024-12-03,15:06:28,19.0607260,72.9038820
2024-12-03,15:06:29,19.0607460,72.9038430
2024-12-03,15:06:30,19.0607620,72.9038030
2024-12-03,15:06:31,19.0607750,72.9037630
2024-12-03,15:06:32,19.0607930,72.9037250
2024-12-03,15:06:33,19.0608110,72.9036880
2024-12-03,15:06:34,19.0608250,72.9036520
2024-12-03,15:06:35,19.0608420,72.9036170
2024-12-03,15:06:36,19.0608590,72.9035820
2024-12-03,15:06:37,19.0608760,72.9035490
2024-12-03,15:06:38,19.0608920,72.9035200
2024-12-03,15:06:39,19.0609080,72.9034900
2024-12-03,15:06:40,19.0609220,72.9034620
2024-12-03,15:06:41,19.0609400,72.9034240
2024-12-03,15:06:42,19.0609450,72.9034100
2024-12-03,15:06:43,19.0609550,72.9033820
2024-12-03,15:06:44,19.0609730,72.9033450
2024-12-03,15:06:45,19.0609780,72.9033320
2024-12-03,15:06:46,19.0609960,72.9032970
2024-12-03,15:06:47,19.0610010,72.9032850
2024-12-03,15:06:48,19.0610130,72.9032550
2024-12-03,15:06:49,19.0610260,72.9032230
2024-12-03,15:06:50,19.0610390,72.9031850
2024-12-03,15:06:51,19.0610560,72.9031430
2024-12-03,15:06:52,19.0610780,72.9031010
2024-12-03,15:06:53,19.0610980,72.9030600
2024-12-03,15:06:54,19.0611160,72.9030190
2024-12-03,15:06:55,19.0611350,72.9029800
2024-12-03,15:06:56,19.0611520,72.9029420
2024-12-03,15:06:57,19.0611680,72.9029060
2024-12-03,15:06:58,19.0611840,72.9028700
2024-12-03,15:06:59,19.0612000,72.9028350
2024-12-03,15:07:00,19.0612200,72.9027950
2024-12-03,15:07:01,19.0612420,72.9027540
2024-12-03,15:07:02,19.0612640,72.9027110
2024-12-03,15:07:03,19.0612880,72.9026640
2024-12-03,15:07:04,19.0613110,72.9026140
2024-12-03,15:07:05,19.0613330,72.9025600
2024-12-03,15:07:06,19.0613500,72.9025030
2024-12-03,15:07:07,19.0613690,72.9024440
2024-12-03,15:07:08,19.0613890,72.9023840
2024-12-03,15:07:09,19.0614100,72.9023290
2024-12-03,15:07:10,19.0614300,72.9022750
2024-12-03,15:07:11,19.0614470,72.9022240
2024-12-03,15:07:12,19.0614610,72.9021770
2024-12-03,15:07:13,19.0614800,72.9021310
2024-12-03,15:07:14,19.0614990,72.9020880
2024-12-03,15:07:15,19.0615180,72.9020470
2024-12-03,15:07:16,19.0615340,72.9020080
2024-12-03,15:07:17,19.0615510,72.9019640
2024-12-03,15:07:18,19.0615650,72.9019210
2024-12-03,15:07:19,19.0615800,72.9018760
2024-12-03,15:07:20,19.0616040,72.9018250
2024-12-03,15:07:21,19.0616220,72.9017780
2024-12-03,15:07:22,19.0616390,72.9017300
2024-12-03,15:07:23,19.0616570,72.9016820
2024-12-03,15:07:24,19.0616750,72.9016350
2024-12-03,15:07:25,19.0616970,72.9015890
2024-12-03,15:07:26,19.0617160,72.9015490
2024-12-03,15:07:27,19.0617370,72.9015020
2024-12-03,15:07:28,19.0617560,72.9014580
2024-12-03,15:07:29,19.0617760,72.9014140
2024-12-03,15:07:30,19.0617950,72.9013700
2024-12-03,15:07:31,19.0618120,72.9013310
2024-12-03,15:07:32,19.0618300,72.9012920
2024-12-03,15:07:33,19.0618460,72.9012560
2024-12-03,15:07:34,19.0618650,72.9012190
2024-12-03,15:07:35,19.0618810,72.9011840
2024-12-03,15:07:36,19.0618980,72.9011520
2024-12-03,15:07:37,19.0619120,72.9011190
2024-12-03,15:07:38,19.0619270,72.9010830
2024-12-03,15:07:39,19.0619430,72.9010470
2024-12-03,15:07:40,19.0619580,72.9010130
2024-12-03,15:07:41,19.0619680,72.9009790
2024-12-03,15:07:42,19.0619810,72.9009390
2024-12-03,15:07:43,19.0619930,72.9009040
2024-12-03,15:07:44,19.0620010,72.9008670
2024-12-03,15:07:45,19.0620170,72.9008360
2024-12-03,15:07:46,19.0620210,72.9008280
2024-12-03,15:07:47,19.0620270,72.9008180
2024-12-03,15:07:48,19.0620300,72.9008080
2024-12-03,15:07:49,19.0620340,72.9007990
2024-12-03,15:07:50,19.0620360,72.9007940
2024-12-03,15:07:51,19.0620380,72.9007930
2024-12-03,15:07:52,19.0620390,72.9007900
2024-12-03,15:07:53,19.0620400,72.9007860
2024-12-03,15:07:54,19.0620440,72.9007770
2024-12-03,15:07:55,19.0620470,72.9007670
2024-12-03,15:07:56,19.0620490,72.9007570
2024-12-03,15:07:57,19.0620510,72.9007430
2024-12-03,15:07:58,19.0620510,72.9007300
2024-12-03,15:07:59,19.0620480,72.9007210
2024-12-03,15:08:00,19.0620430,72.9007180
2024-12-03,15:08:01,19.0620420,72.9007110
2024-12-03,15:08:02,19.0620380,72.9007030
2024-12-03,15:08:03,19.0620370,72.9007020
2024-12-03,15:08:04,19.0620420,72.9007060
2024-12-03,15:08:05,19.0620430,72.9007090
2024-12-03,15:08:06,19.0620450,72.9007110
2024-12-03,15:08:07,19.0620440,72.9007120
2024-12-03,15:08:08,19.0620440,72.9007120
2024-12-03,15:08:09,19.0620440,72.9007120
